Mã nhận dạng kênh,URL kênh,Tiêu đề kênh
UC8EB7c0E_TS4tpTQwMtv6fw,http://www.youtube.com/channel/UC8EB7c0E_TS4tpTQwMtv6fw,MCK // Nger
UCA3PLfFMuT963D-qGVjAFaw,http://www.youtube.com/channel/UCA3PLfFMuT963D-qGVjAFaw,BoyWithUke
UCA_23dkEYToAc37hjSsCnXA,http://www.youtube.com/channel/UCA_23dkEYToAc37hjSsCnXA,MixiGaming
UCBcEkng8bjW_Hr-jRP-wlOg,http://www.youtube.com/channel/UCBcEkng8bjW_Hr-jRP-wlOg,PhiVidU
UCZM31FZ1qrm6epqiYzVLuew,http://www.youtube.com/channel/UCZM31FZ1qrm6epqiYzVLuew,Anime Wiki
UCc_gMV4N9vJtpy7GcMUHaVw,http://www.youtube.com/channel/UCc_gMV4N9vJtpy7GcMUHaVw,Trực Tiếp Game
UChQtwBNnXXVL6C6snuLyzBg,http://www.youtube.com/channel/UChQtwBNnXXVL6C6snuLyzBg,Quang Trung
UCiGm_E4ZwYSHV3bcW1pnSeQ,http://www.youtube.com/channel/UCiGm_E4ZwYSHV3bcW1pnSeQ,Billie Eilish
UCj06sjVmkCDEapk8JwBg06A,http://www.youtube.com/channel/UCj06sjVmkCDEapk8JwBg06A,Optimus
UCtVcnbgcPvXC-87MnGInvjw,http://www.youtube.com/channel/UCtVcnbgcPvXC-87MnGInvjw,BẠN CÓ TÀI MÀ





